{
  "nav": {
    "icon": "nav",
    "items": [
      {
        "label": "Home",
        "url": "/"
      },
      {
        "label": "Nosotros",
        "url": "/"
      },
      {
        "label": "Menú",
        "url": "/"
      },
      {
        "label": "Promociones",
        "url": "/"
      }, 
      {
        "label": "Contacto",
        "url": "/"
      }
    ]
  },
  "hero": {
    "title": "Steam",
    "subtitle": "Hamburgesas artesanales",
    "cta": "Ver menú",
    "icon": "lightHamburger"
  },
  "quote": {
    "title": "Hamburguesas de pura carne con el toque secreto."
  },
  "menu": {
    "title": "Menú",
    "cta": "Ver mi pedido (2)",
    "items": [
      {
        "icon": "hamburger"
      },
      {
        "icon": "fries"
      },
      {
        "icon": "soda"
      },
      {
        "icon": "iceCream"
      }
    ],
    "products": [
      {
        "title": "Steam sencilla",
        "subtitle": "1 lb de res con queso, verdura y pan.",
        "price": "$10.00"
      },
      {
        "title": "Steam doble",
        "subtitle": "1 lb de res con queso, verdura y pan.",
        "price": "$15.00"
      },
      {
        "title": "Steam especial",
        "subtitle": "1 lb de res, tocineta, queso, verdura y pan.",
        "price": "$20.00"
      }
    ]
  },
  "challenge": {
    "title": "#RetoSteam",
    "subtitle": "Cuéntanos en redes sociales lo que mas te gusta de steam y obtén 15% de descuento.",
    "social": [
      {
        "icon": "facebook"
      },
      {
        "icon": "instagram"
      },
      {
        "icon": "tiktok"
      }
    ]
  },
  "contact": {
    "title": "Contáctanos.",
    "items": [
      {
        "title": "Teléfono",
        "subtitle": "2338617"
      },
      {
        "title": "Dirección",
        "subtitle": "cra 11 # 10 Sur"
      }
    ]
  },
  "styleguide": {
    "title": "Steam burguer UI",
    "sections": [
      {
        "title": "Colores",
        "subtitle": "Añade acá tu paleta de color. Debes reemplazar las variables de color en colors.scss"
      },
      {
        "title": "Tipografia",
        "subtitle": "Añade acá tus fuentes. Debes reemplazar las variables de tipografía y los estilos de los headings en typography.scss"
      },
      {
        "title": "Grid",
        "subtitle": "Este proyecto utiliza 4 columnas en dispositivos móviles y 12 columnas a partir de tablet. Escala la página para ver como funciona."
      },
      {
        "title": "Botones",
        "subtitle": "Cambia los estilos de los botones en Cta.scss"
      },
      {
        "title": "Quote",
        "subtitle": "Este es un ejemplo del componente Quote."
      },
      {
        "title": "Product",
        "subtitle": "Este es un ejemplo del componente Product."
      },
      {
        "title": "Menu",
        "subtitle": "Este es un ejemplo del componente Menu."
      },
      {
        "title": "Challenge",
        "subtitle": "Este es un ejemplo del componente Challenge."
      },
      {
        "title": "ContactBox",
        "subtitle": "Este es un ejemplo del componente ContactBox."
      },
      {
        "title": "Nav",
        "subtitle": "Este es un ejemplo del componente Nav."
      },
      {
        "title": "Hero",
        "subtitle": "Este es un ejemplo del componente Hero."
      }
    ]
  }
}
